{
  "keras_size_mb": 2.752964973449707,
  "float32_tflite_size_mb": 0.6810684204101562,
  "int8_tflite_size_mb": 0.753814697265625,
  "compression_ratio_f32": 4.0421268861530875,
  "compression_ratio_int8": 3.6520447046678273,
  "int8_size_kb": 771.90625,
  "embedding_fidelity_mean": 0.9345040489079799,
  "embedding_fidelity_median": 0.9574901340514388,
  "embedding_fidelity_min": 0.6584790879205192,
  "embedding_fidelity_std": 0.058393153009162396,
  "float32_accuracy": 0.9626556016597511,
  "int8_accuracy": 0.9294605809128631,
  "accuracy_drop": 0.03319502074688796,
  "float32_macro_f1": 0.9624295526540992,
  "int8_macro_f1": 0.9279901019675012,
  "f1_drop": 0.03443945068659804,
  "operator_counts": {
    "CONV_2D": 35,
    "DEPTHWISE_CONV_2D": 17,
    "ADD": 10,
    "PAD": 4,
    "QUANTIZE": 1,
    "MEAN": 1,
    "FULLY_CONNECTED": 1,
    "L2_NORMALIZATION": 1,
    "DELEGATE": 1
  },
  "layer_sizes_bytes": {
    "Other": 816024,
    "Conv2D": 387144,
    "DepthwiseConv": 138672,
    "Pooling": 1280,
    "Dense/FC": 128
  },
  "tensor_arena_estimate_kb": 1574.1181640625,
  "esp32_s3_sram_kb": 512,
  "esp32_s3_flash_kb": 8192,
  "sram_utilization_pct": 307.44495391845703,
  "flash_utilization_pct": 9.422683715820312,
  "latency_float32_mean_ms": 1.1803460000464838,
  "latency_int8_mean_ms": 0.6906039999921632,
  "latency_speedup": 1.709150251171262,
  "class_names": [
    "bottle",
    "charger",
    "key",
    "mouse",
    "mug",
    "notebook",
    "pen",
    "phone",
    "remote",
    "wallet"
  ],
  "num_images_evaluated": 482
}